{"cameraMode":{"drawMode":0,"name":"Shaded","section":"Shading Mode"},"sceneLighting":true,"audioPlay":false,"sceneViewState":{"showFog":true,"showMaterialUpdate":true,"showSkybox":true,"showFlares":true,"showImageEffects":true,"showParticleSystems":true},"in2DMode":false,"pivot":{"x":5.677515983581543,"y":18.763385772705079,"z":-13.592865943908692},"rotation":{"x":-0.525879442691803,"y":0.013267526403069497,"z":-0.008204725570976735,"w":-0.8504161238670349},"size":10.0,"orthographic":false}